RRR,Value
BE,3679.595800
DE4-W,4156.634129
DE4-E,4166.153843
DK2,3135.355600
DK1,3939.877357
ES,2685.230271
FIN,3919.439114
FR,3296.964929
IE,3716.800357
NL,4066.645143
NO2,3357.885886
PT,2942.857586
SE4,3232.886114
UK,3741.847300